what,kind,bundleId,bundleVersion,description,time
executed,command,org.eclipse.equinox.p2.ui.sdk,1.0.100.v20100513,"org.eclipse.equinox.p2.ui.sdk.install",1447413708889
deactivated,workbench,org.eclipse.ui.workbench,3.6.1.M20100826-1330,"",1447413727182
error,log,,,"Cannot parse XML at URL http://marketplace.eclipse.org/featured/api/p?product=org.eclipse.epp.package.jee.product&os=win32&runtime.version=3.6.0.v20100505&client=org.eclipse.epp.mpc.core&java.version=1.7.0_04&product.version=1.3.1.20100913-1228&ws=win32",1447413758204
error,log,,,"MarketplaceDiscoveryStrategy failed with an error",1447413766769
activated,workbench,org.eclipse.ui.workbench,3.6.1.M20100826-1330,"",1447413810726
executed,command,org.eclipse.epp.mpc.ui,1.0.1.v20100826-2143,"org.eclipse.epp.mpc.ui.command.showMarketplaceWizard",1447413810777
deactivated,workbench,org.eclipse.ui.workbench,3.6.1.M20100826-1330,"",1447413815236
activated,workbench,org.eclipse.ui.workbench,3.6.1.M20100826-1330,"",1447413842137
deactivated,workbench,org.eclipse.ui.workbench,3.6.1.M20100826-1330,"",1447413859426
activated,workbench,org.eclipse.ui.workbench,3.6.1.M20100826-1330,"",1447413865402
deactivated,workbench,org.eclipse.ui.workbench,3.6.1.M20100826-1330,"",1447413891026
activated,workbench,org.eclipse.ui.workbench,3.6.1.M20100826-1330,"",1447413892470
deactivated,workbench,org.eclipse.ui.workbench,3.6.1.M20100826-1330,"",1447413892970
activated,workbench,org.eclipse.ui.workbench,3.6.1.M20100826-1330,"",1447413894356
deactivated,workbench,org.eclipse.ui.workbench,3.6.1.M20100826-1330,"",1447413912314
activated,workbench,org.eclipse.ui.workbench,3.6.1.M20100826-1330,"",1447413920838
deactivated,workbench,org.eclipse.ui.workbench,3.6.1.M20100826-1330,"",1447413947403
activated,workbench,org.eclipse.ui.workbench,3.6.1.M20100826-1330,"",1447413961364
deactivated,workbench,org.eclipse.ui.workbench,3.6.1.M20100826-1330,"",1447413988778
activated,workbench,org.eclipse.ui.workbench,3.6.1.M20100826-1330,"",1447414102034
deactivated,workbench,org.eclipse.ui.workbench,3.6.1.M20100826-1330,"",1447414125295
activated,workbench,org.eclipse.ui.workbench,3.6.1.M20100826-1330,"",1447416548713
deactivated,workbench,org.eclipse.ui.workbench,3.6.1.M20100826-1330,"",1447416585155
activated,workbench,org.eclipse.ui.workbench,3.6.1.M20100826-1330,"",1447416628899
deactivated,workbench,org.eclipse.ui.workbench,3.6.1.M20100826-1330,"",1447416657116
activated,workbench,org.eclipse.ui.workbench,3.6.1.M20100826-1330,"",1447416773487
activated,view,org.eclipse.ui.navigator.resources,3.4.201.M20100707-0800,"org.eclipse.ui.navigator.ProjectExplorer",1447416805789
deactivated,workbench,org.eclipse.ui.workbench,3.6.1.M20100826-1330,"",1447416814556
activated,workbench,org.eclipse.ui.workbench,3.6.1.M20100826-1330,"",1447416814561
activated,editor,org.eclipse.ui.browser,3.3.0.v20100517,"org.eclipse.ui.browser.editor",1447416817351
activated,view,org.eclipse.ui.navigator.resources,3.4.201.M20100707-0800,"org.eclipse.ui.navigator.ProjectExplorer",1447416929653
closed,editor,org.eclipse.ui.browser,3.3.0.v20100517,"org.eclipse.ui.browser.editor",1447416930063
deactivated,workbench,org.eclipse.ui.workbench,3.6.1.M20100826-1330,"",1447416937067
deactivated,workbench,org.eclipse.ui.workbench,3.6.1.M20100826-1330,"",1447428362979
activated,workbench,org.eclipse.ui.workbench,3.6.1.M20100826-1330,"",1447428374601
deactivated,workbench,org.eclipse.ui.workbench,3.6.1.M20100826-1330,"",1447428436915
activated,workbench,org.eclipse.ui.workbench,3.6.1.M20100826-1330,"",1447428437031
started,bundle,org.eclipse.ui.views.properties.tabbed,3.5.100.I20100509-0800,"org.eclipse.ui.views.properties.tabbed",1447428470304
opened,view,org.eclipse.ui.views,3.5.0.I20100527-0800,"org.eclipse.ui.views.PropertySheet",1447428578339
activated,view,org.eclipse.ui.views,3.5.0.I20100527-0800,"org.eclipse.ui.views.PropertySheet",1447428578488
deactivated,workbench,org.eclipse.ui.workbench,3.6.1.M20100826-1330,"",1447428578501
activated,workbench,org.eclipse.ui.workbench,3.6.1.M20100826-1330,"",1447428578518
activated,view,org.eclipse.ui.views,3.5.0.I20100527-0800,"org.eclipse.ui.views.ContentOutline",1447428578521
opened,view,org.eclipse.wst.server.ui,1.1.205.v20100908,"org.eclipse.wst.server.ui.ServersView",1447428580119
activated,view,org.eclipse.wst.server.ui,1.1.205.v20100908,"org.eclipse.wst.server.ui.ServersView",1447428582332
started,bundle,org.eclipse.jst.server.tomcat.core,1.1.202.v20100818b,"org.eclipse.jst.server.tomcat.core",1447428582439
deactivated,workbench,org.eclipse.ui.workbench,3.6.1.M20100826-1330,"",1447428751577
activated,workbench,org.eclipse.ui.workbench,3.6.1.M20100826-1330,"",1447428768057
executed,command,org.eclipse.epp.mpc.ui,1.0.1.v20100826-2143,"org.eclipse.epp.mpc.ui.command.showMarketplaceWizard",1447428768074
activated,view,org.eclipse.ui.navigator.resources,3.4.201.M20100707-0800,"org.eclipse.ui.navigator.ProjectExplorer",1447428777281
started,bundle,org.eclipse.compare.core,3.5.100.I20100526-0800,"org.eclipse.compare.core",1447428781551
deactivated,workbench,org.eclipse.ui.workbench,3.6.1.M20100826-1330,"",1447428783107
activated,workbench,org.eclipse.ui.workbench,3.6.1.M20100826-1330,"",1447428786537
executed,command,org.eclipse.team.ui,3.5.101.R36x_v20100825-0800,"org.eclipse.team.ui.applyPatch",1447428786554
deactivated,workbench,org.eclipse.ui.workbench,3.6.1.M20100826-1330,"",1447428801174
activated,workbench,org.eclipse.ui.workbench,3.6.1.M20100826-1330,"",1447428815216
executed,command,org.eclipse.ui,3.6.1.M20100826-1330,"org.eclipse.ui.file.import",1447428815221
executed,command,org.eclipse.ui,3.6.1.M20100826-1330,"org.eclipse.ui.file.import",1447428815221
deactivated,workbench,org.eclipse.ui.workbench,3.6.1.M20100826-1330,"",1447428825611
error,log,,,"Cannot parse XML at URL http://marketplace.eclipse.org/featured/api/p?product=org.eclipse.epp.package.jee.product&os=win32&runtime.version=3.6.0.v20100505&client=org.eclipse.epp.mpc.core&java.version=1.7.0_04&product.version=1.3.1.20100913-1228&ws=win32",1447428857565
error,log,,,"MarketplaceDiscoveryStrategy failed with an error",1447428867360
activated,workbench,org.eclipse.ui.workbench,3.6.1.M20100826-1330,"",1447428876097
executed,command,org.eclipse.epp.mpc.ui,1.0.1.v20100826-2143,"org.eclipse.epp.mpc.ui.command.showMarketplaceWizard",1447428876120
activated,view,org.eclipse.wst.server.ui,1.1.205.v20100908,"org.eclipse.wst.server.ui.ServersView",1447428881045
started,bundle,org.eclipse.datatools.connectivity,1.2.1.v201007142147,"org.eclipse.datatools.connectivity",1447428884826
started,bundle,org.eclipse.datatools.connectivity.ui,1.2.0.v201006250003,"org.eclipse.datatools.connectivity.ui",1447428884851
started,bundle,org.eclipse.datatools.connectivity.ui.dse,1.1.4.v201004270430,"org.eclipse.datatools.connectivity.ui.dse",1447428884860
started,bundle,org.eclipse.datatools.enablement.ingres.ui,1.0.0.v201006242214,"org.eclipse.datatools.enablement.ingres.ui",1447428884982
started,bundle,org.eclipse.datatools.connectivity.sqm.core,1.2.1.v201008120113,"org.eclipse.datatools.connectivity.sqm.core",1447428885714
started,bundle,org.eclipse.datatools.connectivity.sqm.core.ui,1.2.0.v201002281800,"org.eclipse.datatools.connectivity.sqm.core.ui",1447428885741
opened,view,org.eclipse.datatools.connectivity.ui.dse,1.1.4.v201004270430,"org.eclipse.datatools.connectivity.DataSourceExplorerNavigator",1447428885949
activated,view,org.eclipse.datatools.connectivity.ui.dse,1.1.4.v201004270430,"org.eclipse.datatools.connectivity.DataSourceExplorerNavigator",1447428885971
deactivated,workbench,org.eclipse.ui.workbench,3.6.1.M20100826-1330,"",1447429459322
activated,workbench,org.eclipse.ui.workbench,3.6.1.M20100826-1330,"",1447429461058
started,bundle,org.eclipse.wst.jsdt.debug.core,1.0.1.v201008170101,"org.eclipse.wst.jsdt.debug.core",1447429461442
closed,workbench,org.eclipse.ui.workbench,3.6.1.M20100826-1330,"",1447429462165
stopped,bundle,org.eclipse.jst.j2ee.xdoclet.runtime,1.1.300.v201004280700,"org.eclipse.jst.j2ee.xdoclet.runtime",1447429487836
stopped,bundle,org.eclipse.jst.j2ee.ejb.annotations.xdoclet,1.2.100.v201003112036,"org.eclipse.jst.j2ee.ejb.annotations.xdoclet",1447429488005
stopped,bundle,org.eclipse.jst.server.generic.jboss,1.6.1.v200904151730,"org.eclipse.jst.server.generic.jboss",1447429488063
stopped,bundle,org.eclipse.jst.server.generic.jonas,1.5.205.v200805140145,"org.eclipse.jst.server.generic.jonas",1447429488236
stopped,bundle,org.eclipse.jst.server.generic.oc4j,1.5.206.v20090812,"org.eclipse.jst.server.generic.oc4j",1447429488344
stopped,bundle,org.eclipse.jst.server.websphere.core,1.0.302.v20080620,"org.eclipse.jst.server.websphere.core",1447429488414
stopped,bundle,org.eclipse.jst.server.generic.ui,1.0.505.v20100428,"org.eclipse.jst.server.generic.ui",1447429488427
stopped,bundle,org.eclipse.jst.server.generic.core,1.0.606.v20100512,"org.eclipse.jst.server.generic.core",1447429488502
stopped,bundle,org.eclipse.mylyn.ide.ant,3.4.0.v20100608-0100-e3x,"org.eclipse.mylyn.ide.ant",1447429488803
stopped,bundle,org.eclipse.datatools.connectivity.oda.template.ui,3.2.1.v201004090942,"org.eclipse.datatools.connectivity.oda.template.ui",1447429488885
stopped,bundle,org.eclipse.pde.api.tools.ui,1.0.201.v20100820_r361,"org.eclipse.pde.api.tools.ui",1447429489000
stopped,bundle,org.eclipse.pde.ds.ui,1.0.100.v20100601,"org.eclipse.pde.ds.ui",1447429489082
stopped,bundle,org.eclipse.pde.runtime,3.4.200.v20100601,"org.eclipse.pde.runtime",1447429489188
stopped,bundle,org.eclipse.pde.ua.ui,1.0.100.v20100504,"org.eclipse.pde.ua.ui",1447429489252
stopped,bundle,org.eclipse.pde.ui.templates,3.4.200.v20100601,"org.eclipse.pde.ui.templates",1447429489446
stopped,bundle,org.eclipse.wb.rcp.SWT_AWT,1.1.0.r36x201109091215,"org.eclipse.wb.rcp.SWT_AWT",1447429489447
stopped,bundle,org.eclipse.wb.rcp.databinding.emf,1.1.0.r36x201109091152,"org.eclipse.wb.rcp.databinding.emf",1447429489586
stopped,bundle,org.eclipse.wb.rcp.databinding.xwt,1.1.0.r36x201109091200,"org.eclipse.wb.rcp.databinding.xwt",1447429489638
stopped,bundle,org.eclipse.wb.rcp.databinding,1.1.0.r36x201109091152,"org.eclipse.wb.rcp.databinding",1447429489767
stopped,bundle,org.eclipse.wb.rcp.nebula,1.1.0.r36x201109091152,"org.eclipse.wb.rcp.nebula",1447429489871
stopped,bundle,org.eclipse.wb.rcp.swing2swt,1.1.0.r36x201109091152,"org.eclipse.wb.rcp.swing2swt",1447429489906
stopped,bundle,org.eclipse.wb.xwt,1.1.0.r36x201109091200,"org.eclipse.wb.xwt",1447429489906
stopped,bundle,org.eclipse.wb.rcp,1.1.0.r36x201109091152,"org.eclipse.wb.rcp",1447429489906
stopped,bundle,org.eclipse.pde.ui,3.6.1.v20100810_r361,"org.eclipse.pde.ui",1447429489906
stopped,bundle,org.eclipse.ant.ui,3.5.0.v20100427,"org.eclipse.ant.ui",1447429489989
stopped,bundle,org.eclipse.ant.launching,1.0.0.v20100427,"org.eclipse.ant.launching",1447429490170
stopped,bundle,org.eclipse.compare.win32,1.0.100.I20100505-1245,"org.eclipse.compare.win32",1447429490282
stopped,bundle,org.eclipse.equinox.p2.ui.sdk,1.0.100.v20100513,"org.eclipse.equinox.p2.ui.sdk",1447429490282
activated,perspective,org.eclipse.jst.j2ee.ui,,"org.eclipse.jst.j2ee.J2EEPerspective",1447476009201
started,bundle,org.eclipse.osgi,3.6.1.R36x_v20100806,"org.eclipse.osgi",1447476009201
started,bundle,org.eclipse.equinox.simpleconfigurator,1.0.200.v20100503,"org.eclipse.equinox.simpleconfigurator",1447476009232
started,bundle,com.ibm.icu,4.2.1.v20100412,"com.ibm.icu",1447476009295
started,bundle,org.eclipse.core.contenttype,3.4.100.v20100505-1235,"org.eclipse.core.contenttype",1447476009326
started,bundle,org.eclipse.core.databinding.observable,1.3.0.I20100601-0800,"org.eclipse.core.databinding.observable",1447476009404
started,bundle,org.eclipse.core.expressions,3.4.200.v20100505,"org.eclipse.core.expressions",1447476009420
started,bundle,org.eclipse.core.filebuffers,3.5.100.v20100520-0800,"org.eclipse.core.filebuffers",1447476009482
started,bundle,org.eclipse.core.filesystem,1.3.1.R36x_v20100727-0745,"org.eclipse.core.filesystem",1447476009544
started,bundle,org.eclipse.core.jobs,3.5.1.R36x_v20100824,"org.eclipse.core.jobs",1447476009560
started,bundle,org.eclipse.core.net,1.2.100.I20100511-0800,"org.eclipse.core.net",1447476009591
started,bundle,org.eclipse.core.resources,3.6.0.R36x_v20100825-0600,"org.eclipse.core.resources",1447476009638
started,bundle,org.eclipse.core.runtime,3.6.0.v20100505,"org.eclipse.core.runtime",1447476009638
started,bundle,org.eclipse.core.runtime.compatibility,3.2.100.v20100505,"org.eclipse.core.runtime.compatibility",1447476009685
started,bundle,org.eclipse.core.runtime.compatibility.auth,3.2.200.v20100517,"org.eclipse.core.runtime.compatibility.auth",1447476009685
started,bundle,org.eclipse.datatools.connectivity,1.2.1.v201007142147,"org.eclipse.datatools.connectivity",1447476009747
started,bundle,org.eclipse.datatools.connectivity.sqm.core,1.2.1.v201008120113,"org.eclipse.datatools.connectivity.sqm.core",1447476009841
started,bundle,org.eclipse.datatools.connectivity.sqm.core.ui,1.2.0.v201002281800,"org.eclipse.datatools.connectivity.sqm.core.ui",1447476009966
started,bundle,org.eclipse.datatools.connectivity.ui,1.2.0.v201006250003,"org.eclipse.datatools.connectivity.ui",1447476010059
started,bundle,org.eclipse.datatools.connectivity.ui.dse,1.1.4.v201004270430,"org.eclipse.datatools.connectivity.ui.dse",1447476010090
started,bundle,org.eclipse.datatools.enablement.ingres.ui,1.0.0.v201006242214,"org.eclipse.datatools.enablement.ingres.ui",1447476010122
started,bundle,org.eclipse.debug.core,3.6.0.v20100519,"org.eclipse.debug.core",1447476010231
started,bundle,org.eclipse.emf.common,2.6.0.v20100914-1218,"org.eclipse.emf.common",1447476010340
started,bundle,org.eclipse.emf.common.ui,2.6.0.v20100914-1218,"org.eclipse.emf.common.ui",1447476010387
started,bundle,org.eclipse.emf.ecore,2.6.1.v20100914-1218,"org.eclipse.emf.ecore",1447476010496
started,bundle,org.eclipse.emf.ecore.xmi,2.5.0.v20100521-1846,"org.eclipse.emf.ecore.xmi",1447476010527
started,bundle,org.eclipse.emf.edit,2.6.0.v20100914-1218,"org.eclipse.emf.edit",1447476010605
started,bundle,org.eclipse.emf.edit.ui,2.6.0.v20100914-1218,"org.eclipse.emf.edit.ui",1447476010652
started,bundle,org.eclipse.epp.usagedata.gathering,1.3.0.R201005261100,"org.eclipse.epp.usagedata.gathering",1447476010683
started,bundle,org.eclipse.epp.usagedata.recording,1.3.0.R201005261100,"org.eclipse.epp.usagedata.recording",1447476010714
started,bundle,org.eclipse.equinox.app,1.3.1.R36x_v20100803,"org.eclipse.equinox.app",1447476010917
started,bundle,org.eclipse.equinox.common,3.6.0.v20100503,"org.eclipse.equinox.common",1447476010933
started,bundle,org.eclipse.equinox.ds,1.2.1.R36x_v20100803,"org.eclipse.equinox.ds",1447476010948
started,bundle,org.eclipse.equinox.event,1.2.0.v20100503,"org.eclipse.equinox.event",1447476010980
started,bundle,org.eclipse.equinox.p2.core,2.0.2.R36x_v20100804,"org.eclipse.equinox.p2.core",1447476011011
started,bundle,org.eclipse.equinox.p2.directorywatcher,1.0.202.R36x_v20100727,"org.eclipse.equinox.p2.directorywatcher",1447476011011
started,bundle,org.eclipse.equinox.p2.engine,2.0.0.v20100606,"org.eclipse.equinox.p2.engine",1447476011104
started,bundle,org.eclipse.equinox.p2.metadata,2.0.0.v20100601,"org.eclipse.equinox.p2.metadata",1447476011167
started,bundle,org.eclipse.equinox.p2.metadata.repository,1.1.0.v20100513,"org.eclipse.equinox.p2.metadata.repository",1447476011214
started,bundle,org.eclipse.equinox.p2.operations,2.0.0.v20100510,"org.eclipse.equinox.p2.operations",1447476011260
started,bundle,org.eclipse.equinox.p2.reconciler.dropins,1.1.0.v20100525,"org.eclipse.equinox.p2.reconciler.dropins",1447476011307
started,bundle,org.eclipse.equinox.p2.repository,2.0.1.R36x_v20100823,"org.eclipse.equinox.p2.repository",1447476011385
started,bundle,org.eclipse.equinox.p2.ui.sdk.scheduler,1.0.0.v20100507-1815,"org.eclipse.equinox.p2.ui.sdk.scheduler",1447476011416
started,bundle,org.eclipse.equinox.p2.updatechecker,1.1.101.R36x_v20100823,"org.eclipse.equinox.p2.updatechecker",1447476011463
started,bundle,org.eclipse.equinox.preferences,3.3.0.v20100503,"org.eclipse.equinox.preferences",1447476011479
started,bundle,org.eclipse.equinox.registry,3.5.0.v20100503,"org.eclipse.equinox.registry",1447476011510
started,bundle,org.eclipse.equinox.security,1.0.200.v20100503,"org.eclipse.equinox.security",1447476011619
started,bundle,org.eclipse.equinox.util,1.0.200.v20100503,"org.eclipse.equinox.util",1447476011682
started,bundle,org.eclipse.help,3.5.0.v20100524,"org.eclipse.help",1447476011806
started,bundle,org.eclipse.jdt.core,3.6.1.v_A68_R36x,"org.eclipse.jdt.core",1447476011838
started,bundle,org.eclipse.jdt.core.manipulation,1.3.0.v20100520-0800,"org.eclipse.jdt.core.manipulation",1447476011869
started,bundle,org.eclipse.jdt.launching,3.5.100.v20100526,"org.eclipse.jdt.launching",1447476011947
started,bundle,org.eclipse.jdt.ui,3.6.1.r361_v20100825-0800,"org.eclipse.jdt.ui",1447476011994
started,bundle,org.eclipse.jem,2.0.400.v201005110200,"org.eclipse.jem",1447476012025
started,bundle,org.eclipse.jem.util,2.1.2.v201008120100,"org.eclipse.jem.util",1447476012056
started,bundle,org.eclipse.jem.workbench,2.0.300.v200910290230,"org.eclipse.jem.workbench",1447476012072
started,bundle,org.eclipse.jface,3.6.1.M20100825-0800,"org.eclipse.jface",1447476012118
started,bundle,org.eclipse.jst.common.frameworks,1.1.402.v201009081300,"org.eclipse.jst.common.frameworks",1447476012134
started,bundle,org.eclipse.jst.common.project.facet.core,1.4.102.v201008182136,"org.eclipse.jst.common.project.facet.core",1447476012181
started,bundle,org.eclipse.jst.j2ee,1.1.402.v201009151730,"org.eclipse.jst.j2ee",1447476012243
started,bundle,org.eclipse.jst.j2ee.core,1.2.2.v201008120100,"org.eclipse.jst.j2ee.core",1447476012290
started,bundle,org.eclipse.jst.j2ee.navigator.ui,1.1.402.v201009081300,"org.eclipse.jst.j2ee.navigator.ui",1447476012399
started,bundle,org.eclipse.jst.j2ee.ui,1.1.402.v201009080200,"org.eclipse.jst.j2ee.ui",1447476012524
started,bundle,org.eclipse.jst.j2ee.web,1.1.402.v201008242000,"org.eclipse.jst.j2ee.web",1447476012586
started,bundle,org.eclipse.jst.j2ee.webservice,1.1.400.v201004110600,"org.eclipse.jst.j2ee.webservice",1447476012680
started,bundle,org.eclipse.jst.j2ee.webservice.ui,1.1.400.v201004110600,"org.eclipse.jst.j2ee.webservice.ui",1447476012696
started,bundle,org.eclipse.jst.jee.ui,1.0.302.v201009011600,"org.eclipse.jst.jee.ui",1447476012820
started,bundle,org.eclipse.jst.ws.jaxrs.core,1.0.200.v201008201800,"org.eclipse.jst.ws.jaxrs.core",1447476012867
started,bundle,org.eclipse.jst.ws.jaxws.utils,1.0.0.v201004171919,"org.eclipse.jst.ws.jaxws.utils",1447476012898
started,bundle,org.eclipse.mylyn.commons.net,3.4.1.v20100625-2100-e3x,"org.eclipse.mylyn.commons.net",1447476012898
started,bundle,org.eclipse.mylyn.monitor.ui,3.4.0.v20100608-0100-e3x,"org.eclipse.mylyn.monitor.ui",1447476012930
started,bundle,org.eclipse.team.core,3.5.100.R36x_v20100825-0800,"org.eclipse.team.core",1447476013023
started,bundle,org.eclipse.team.ui,3.5.101.R36x_v20100825-0800,"org.eclipse.team.ui",1447476013148
started,bundle,org.eclipse.ui,3.6.1.M20100826-1330,"org.eclipse.ui",1447476013210
started,bundle,org.eclipse.ui.console,3.5.0.v20100526,"org.eclipse.ui.console",1447476013257
started,bundle,org.eclipse.ui.editors,3.6.1.r361_v20100825-0800,"org.eclipse.ui.editors",1447476013320
started,bundle,org.eclipse.ui.ide,3.6.1.M20100825-0800,"org.eclipse.ui.ide",1447476013382
started,bundle,org.eclipse.ui.navigator,3.5.0.I20100601-0800,"org.eclipse.ui.navigator",1447476013460
started,bundle,org.eclipse.ui.navigator.resources,3.4.201.M20100707-0800,"org.eclipse.ui.navigator.resources",1447476013491
started,bundle,org.eclipse.ui.net,1.2.100.I20100505-1245,"org.eclipse.ui.net",1447476013538
started,bundle,org.eclipse.ui.views,3.5.0.I20100527-0800,"org.eclipse.ui.views",1447476013569
started,bundle,org.eclipse.ui.workbench,3.6.1.M20100826-1330,"org.eclipse.ui.workbench",1447476013663
started,bundle,org.eclipse.ui.workbench.texteditor,3.6.1.r361_v20100714-0800,"org.eclipse.ui.workbench.texteditor",1447476013756
started,bundle,org.eclipse.wst.common.core,1.2.0.v200908252030,"org.eclipse.wst.common.core",1447476013803
started,bundle,org.eclipse.wst.common.emf,1.2.1.v201008260500,"org.eclipse.wst.common.emf",1447476013866
started,bundle,org.eclipse.wst.common.emfworkbench.integration,1.2.2.v201008242000,"org.eclipse.wst.common.emfworkbench.integration",1447476013897
started,bundle,org.eclipse.wst.common.frameworks,1.2.0.v201003040800,"org.eclipse.wst.common.frameworks",1447476013959
started,bundle,org.eclipse.wst.common.frameworks.ui,1.2.0.v201004080500,"org.eclipse.wst.common.frameworks.ui",1447476014006
started,bundle,org.eclipse.wst.common.modulecore,1.2.3.v201008242000,"org.eclipse.wst.common.modulecore",1447476014022
started,bundle,org.eclipse.wst.common.project.facet.core,1.4.102.v201008170019,"org.eclipse.wst.common.project.facet.core",1447476014100
started,bundle,org.eclipse.wst.common.ui,1.1.500.v200911190730,"org.eclipse.wst.common.ui",1447476014193
started,bundle,org.eclipse.wst.jsdt.core,1.1.2.v201009011528,"org.eclipse.wst.jsdt.core",1447476014256
started,bundle,org.eclipse.wst.jsdt.manipulation,1.0.200.v201004150600,"org.eclipse.wst.jsdt.manipulation",1447476014271
started,bundle,org.eclipse.wst.jsdt.ui,1.1.2.v201009010353,"org.eclipse.wst.jsdt.ui",1447476014365
started,bundle,org.eclipse.wst.validation,1.2.200.v201005271900,"org.eclipse.wst.validation",1447476014396
started,bundle,org.eclipse.wst.web,1.1.401.v201007151900,"org.eclipse.wst.web",1447476014412
started,bundle,org.eclipse.wst.xml.core,1.1.502.v201009010342,"org.eclipse.wst.xml.core",1447476014474
started,bundle,com.collabnet.subversion.merge,1.10.0,"com.collabnet.subversion.merge",1447476014536
started,bundle,org.tigris.subversion.clientadapter,1.6.4.1,"org.tigris.subversion.clientadapter",1447476014583
started,bundle,org.tigris.subversion.subclipse.core,1.6.5,"org.tigris.subversion.subclipse.core",1447476014677
started,bundle,org.tigris.subversion.subclipse.ui,1.6.5,"org.tigris.subversion.subclipse.ui",1447476014786
os,sysinfo,,,"win32",1447476014786
arch,sysinfo,,,"x86",1447476014786
ws,sysinfo,,,"win32",1447476014786
locale,sysinfo,,,"zh_CN",1447476014786
processors,sysinfo,,,"2",1447476014786
java.runtime.name,sysinfo,,,"Java(TM) SE Runtime Environment",1447476014786
java.runtime.version,sysinfo,,,"1.7.0_04-b20",1447476014786
java.specification.name,sysinfo,,,"Java Platform API Specification",1447476014786
java.specification.vendor,sysinfo,,,"Oracle Corporation",1447476014786
java.specification.version,sysinfo,,,"1.7",1447476014786
java.vendor,sysinfo,,,"Oracle Corporation",1447476014786
java.version,sysinfo,,,"1.7.0_04",1447476014786
java.vm.info,sysinfo,,,"mixed mode, sharing",1447476014786
java.vm.name,sysinfo,,,"Java HotSpot(TM) Client VM",1447476014786
java.vm.specification.name,sysinfo,,,"Java Virtual Machine Specification",1447476014786
java.vm.specification.vendor,sysinfo,,,"Oracle Corporation",1447476014786
java.vm.specification.version,sysinfo,,,"1.7",1447476014786
java.vm.vendor,sysinfo,,,"Oracle Corporation",1447476014786
java.vm.version,sysinfo,,,"23.0-b21",1447476014786
started,bundle,org.eclipse.mylyn.bugzilla.ui,3.4.2.v20100909-0100-e3x,"org.eclipse.mylyn.bugzilla.ui",1447476015472
started,bundle,org.eclipse.wb.core.lib,1.1.0.r36x201109091012,"org.eclipse.wb.core.lib",1447476015987
activated,view,org.eclipse.ui.navigator.resources,3.4.201.M20100707-0800,"org.eclipse.ui.navigator.ProjectExplorer",1447476016003
started,bundle,org.eclipse.ui.forms,3.5.2.r36_v20100702,"org.eclipse.ui.forms",1447476016034
started,bundle,org.eclipse.mylyn.context.core,3.4.1.v20100909-0100-e3x,"org.eclipse.mylyn.context.core",1447476016393
started,bundle,org.eclipse.wb.core,1.1.0.r36x201109091012,"org.eclipse.wb.core",1447476016424
started,bundle,org.eclipse.mylyn.context.ui,3.4.1.v20100909-0100-e3x,"org.eclipse.mylyn.context.ui",1447476016564
started,bundle,org.eclipse.jsch.core,1.1.200.I20100505-1245,"org.eclipse.jsch.core",1447476016736
started,bundle,org.eclipse.team.cvs.core,3.3.300.I20100526-0800,"org.eclipse.team.cvs.core",1447476016845
started,bundle,org.eclipse.jst.ws.jaxws.dom.integration,1.0.0.v201004171919,"org.eclipse.jst.ws.jaxws.dom.integration",1447476017235
started,bundle,org.eclipse.jst.ws.jaxws.dom.ui,1.0.0.v201004171919,"org.eclipse.jst.ws.jaxws.dom.ui",1447476017360
started,bundle,org.eclipse.mylyn.tasks.ui,3.4.2.v20100902-0100-e3x,"org.eclipse.mylyn.tasks.ui",1447476017922
started,bundle,org.eclipse.mylyn.team.ui,3.4.2.v20100909-0100-e3x,"org.eclipse.mylyn.team.ui",1447476018062
started,bundle,org.eclipse.team.cvs.ui,3.3.301.R36x_v20100825-0800,"org.eclipse.team.cvs.ui",1447476018156
started,bundle,org.eclipse.update.scheduler,3.2.300.v20100512,"org.eclipse.update.scheduler",1447476018187
started,bundle,org.eclipse.jst.j2ee.ejb,1.1.401.v201007150400,"org.eclipse.jst.j2ee.ejb",1447476018234
started,bundle,org.eclipse.jst.j2ee.jca,1.1.400.v201005270700,"org.eclipse.jst.j2ee.jca",1447476018296
started,bundle,org.eclipse.jst.jee,1.0.301.v201007151900,"org.eclipse.jst.jee",1447476018343
started,bundle,org.eclipse.jst.jee.ejb,1.0.301.v201007070821,"org.eclipse.jst.jee.ejb",1447476018405
started,bundle,org.eclipse.jst.jee.web,1.0.301.v201007070907,"org.eclipse.jst.jee.web",1447476018405
started,bundle,org.tigris.subversion.subclipse.mylyn,3.0.0,"org.tigris.subversion.subclipse.mylyn",1447476019326
started,bundle,org.eclipse.update.configurator,3.3.100.v20100512,"org.eclipse.update.configurator",1447476020402
started,bundle,org.eclipse.update.core,3.2.402.R36x_v20100629,"org.eclipse.update.core",1447476020464
started,bundle,org.eclipse.wb.discovery.core,1.1.0.r36x201109091028,"org.eclipse.wb.discovery.core",1447476020480
deactivated,workbench,org.eclipse.ui.workbench,3.6.1.M20100826-1330,"",1447476021338
activated,workbench,org.eclipse.ui.workbench,3.6.1.M20100826-1330,"",1447476021634
started,bundle,org.eclipse.wb.discovery.ui,1.1.0.r36x201109091028,"org.eclipse.wb.discovery.ui",1447476022165
started,bundle,org.eclipse.xsd,2.6.0.v20100914-1218,"org.eclipse.xsd",1447476022461
started,bundle,org.eclipse.jst.servlet.ui,1.1.402.v201008261918,"org.eclipse.jst.servlet.ui",1447476037749
deactivated,workbench,org.eclipse.ui.workbench,3.6.1.M20100826-1330,"",1447476038373
